FT230961P6DC,"{'"1'": '"AC'", '"2'": '"106941'", '"4'": '"1'", '"5'": '"USD'", '"7'": '"20230502'", '"11'": '"20656'", '"12'": '"1'", '"13'": '"USD'", '"14'": '"100.00'", '"15'": '"20230502'", '"18'": '"20230502'", '"44'": '"NO'", '"45'": '"WAIVE'", '"49'": '"WAIVE'", '"55'": '"100389'", '"57'": '"NO'", '"62'": '"NO'", '"63'": '"TR'", '"70'": '"USD100.00'", '"71'": '"USD100.00'", '"81'": '"GB0010001'", '"82'": '"GB0010001'", '"83'": '"AFWD'", '"87'": '"100.00'", '"88'": '"100.00'", '"94'": '"99'", '"95'": '"100389'", '"98'": '"N'", '"99'": '"N'", '"101'": '"100472'", '"111'": '"0'", '"112'": '"0'", '"113'": '"0'", '"114'": '"0'", '"136'": '"NO'", '"148'": '"0'", '"149'": '"0.00'", '"153'": '"20230406'", '"177'": '"GB98DEMO60161300106941'", '"178'": '"GB47DEMO60161300020656'", '"200'": '"PSD.NON'", '"218'": ['"DATE.GT.14}DATE MORE THAN 14 DAYS AHEAD'", '"DR.GT.FWD}DEBIT VALUE EXCEEDS MAX FWD VALUE'", '"GT.CR.VAL}CREDIT VALUE EXCEEDS MAX FWD VALUE'"], '"220'": '"1'", '"221'": '"26384_OFFICER__OFS_SEAT'", '"222'": '"2305231644'", '"223'": '"26384_OFFICER_OFS_SEAT'", '"224'": '"GB0010001'", '"225'": '"1'", '"col_counter'": 225}"
FT2309634YX3,"{'"1'": '"AC'", '"2'": '"107352'", '"4'": '"1'", '"5'": '"USD'", '"7'": '"20230502'", '"11'": '"20656'", '"12'": '"1'", '"13'": '"USD'", '"14'": '"113.00'", '"15'": '"20230502'", '"18'": '"20230502'", '"44'": '"NO'", '"45'": '"WAIVE'", '"49'": '"WAIVE'", '"55'": '"100386'", '"57'": '"NO'", '"62'": '"NO'", '"63'": '"TR'", '"70'": '"USD113.00'", '"71'": '"USD113.00'", '"81'": '"GB0010001'", '"82'": '"GB0010001'", '"83'": '"AFWD'", '"87'": '"113.00'", '"88'": '"113.00'", '"94'": '"99'", '"95'": '"100386'", '"98'": '"N'", '"99'": '"N'", '"101'": '"100472'", '"111'": '"0'", '"112'": '"0'", '"113'": '"0'", '"114'": '"0'", '"136'": '"NO'", '"148'": '"0'", '"149'": '"0.00'", '"153'": '"20230406'", '"177'": '"GB59DEMO60161300107352'", '"178'": '"GB47DEMO60161300020656'", '"200'": '"PSD.NON'", '"218'": ['"DATE.GT.14}DATE MORE THAN 14 DAYS AHEAD'", '"DR.GT.FWD}DEBIT VALUE EXCEEDS MAX FWD VALUE'", '"GT.CR.VAL}CREDIT VALUE EXCEEDS MAX FWD VALUE'"], '"220'": '"1'", '"221'": '"28372_OFFICER__OFS_SEAT'", '"222'": '"2305231644'", '"223'": '"28372_OFFICER_OFS_SEAT'", '"224'": '"GB0010001'", '"225'": '"1'", '"col_counter'": 225}"
FT23096BJV2F,"{'"1'": '"AC'", '"2'": '"107247'", '"4'": '"1'", '"5'": '"USD'", '"7'": '"20230502'", '"11'": '"20656'", '"12'": '"1'", '"13'": '"USD'", '"14'": '"205.00'", '"15'": '"20230502'", '"18'": '"20230502'", '"44'": '"NO'", '"45'": '"WAIVE'", '"49'": '"WAIVE'", '"55'": '"100338'", '"57'": '"NO'", '"62'": '"NO'", '"63'": '"TR'", '"70'": '"USD205.00'", '"71'": '"USD205.00'", '"81'": '"GB0010001'", '"82'": '"GB0010001'", '"83'": '"AFWD'", '"87'": '"205.00'", '"88'": '"205.00'", '"94'": '"99'", '"95'": '"100338'", '"98'": '"N'", '"99'": '"N'", '"101'": '"100472'", '"111'": '"0'", '"112'": '"0'", '"113'": '"0'", '"114'": '"0'", '"136'": '"NO'", '"148'": '"0'", '"149'": '"0.00'", '"153'": '"20230406'", '"177'": '"GB81DEMO60161300107247'", '"178'": '"GB47DEMO60161300020656'", '"200'": '"PSD.NON'", '"218'": ['"DATE.GT.14}DATE MORE THAN 14 DAYS AHEAD'", '"DR.GT.FWD}DEBIT VALUE EXCEEDS MAX FWD VALUE'", '"GT.CR.VAL}CREDIT VALUE EXCEEDS MAX FWD VALUE'"], '"220'": '"1'", '"221'": '"68071_OFFICER__OFS_SEAT'", '"222'": '"2305231644'", '"223'": '"68071_OFFICER_OFS_SEAT'", '"224'": '"GB0010001'", '"225'": '"1'", '"col_counter'": 225}"
FT23096C5RV1,"{'"1'": '"AC'", '"2'": '"106461'", '"4'": '"1'", '"5'": '"SGD'", '"7'": '"20230502'", '"11'": '"20656'", '"12'": '"1'", '"13'": '"USD'", '"14'": '"175.00'", '"15'": '"20230502'", '"16'": '"1.329950000'", '"18'": '"20230502'", '"44'": '"NO'", '"45'": '"WAIVE'", '"49'": '"WAIVE'", '"54'": '"USD'", '"55'": '"100353'", '"57'": '"NO'", '"62'": '"NO'", '"63'": '"TR'", '"70'": '"SGD232.74'", '"71'": '"USD175.00'", '"74'": '"1.32995'", '"81'": '"GB0010001'", '"82'": '"GB0010001'", '"83'": '"AFWD'", '"87'": '"175.00'", '"88'": '"175.00'", '"94'": '"99'", '"95'": '"100353'", '"98'": '"N'", '"99'": '"N'", '"101'": '"100472'", '"111'": '"0'", '"112'": '"0'", '"113'": '"0'", '"114'": '"0'", '"136'": '"NO'", '"148'": '"0'", '"149'": '"0.00'", '"153'": '"20230406'", '"177'": '"GB60DEMO60161300106461'", '"178'": '"GB47DEMO60161300020656'", '"200'": '"PSD.NON'", '"218'": ['"DATE.GT.14}DATE MORE THAN 14 DAYS AHEAD'", '"DR.GT.FWD}DEBIT VALUE EXCEEDS MAX FWD VALUE'", '"GT.CR.VAL}CREDIT VALUE EXCEEDS MAX FWD VALUE'"], '"220'": '"1'", '"221'": '"79411_OFFICER__OFS_SEAT'", '"222'": '"2305231644'", '"223'": '"79411_OFFICER_OFS_SEAT'", '"224'": '"GB0010001'", '"225'": '"1'", '"col_counter'": 225}"
FT23096CS0G9,"{'"1'": '"AC'", '"2'": '"106558'", '"4'": '"1'", '"5'": '"USD'", '"7'": '"20230502'", '"11'": '"20656'", '"12'": '"1'", '"13'": '"USD'", '"14'": '"150.00'", '"15'": '"20230502'", '"18'": '"20230502'", '"44'": '"NO'", '"45'": '"WAIVE'", '"49'": '"WAIVE'", '"55'": '"100229'", '"57'": '"NO'", '"62'": '"NO'", '"63'": '"TR'", '"70'": '"USD150.00'", '"71'": '"USD150.00'", '"81'": '"GB0010001'", '"82'": '"GB0010001'", '"83'": '"AFWD'", '"87'": '"150.00'", '"88'": '"150.00'", '"94'": '"99'", '"95'": '"100229'", '"98'": '"N'", '"99'": '"N'", '"101'": '"100472'", '"111'": '"0'", '"112'": '"0'", '"113'": '"0'", '"114'": '"0'", '"136'": '"NO'", '"148'": '"0'", '"149'": '"0.00'", '"153'": '"20230406'", '"177'": '"GB60DEMO60161300106558'", '"178'": '"GB47DEMO60161300020656'", '"200'": '"PSD.NON'", '"218'": ['"DATE.GT.14}DATE MORE THAN 14 DAYS AHEAD'", '"DR.GT.FWD}DEBIT VALUE EXCEEDS MAX FWD VALUE'", '"GT.CR.VAL}CREDIT VALUE EXCEEDS MAX FWD VALUE'"], '"220'": '"1'", '"221'": '"42265_OFFICER__OFS_SEAT'", '"222'": '"2305231644'", '"223'": '"42265_OFFICER_OFS_SEAT'", '"224'": '"GB0010001'", '"225'": '"1'", '"col_counter'": 225}"
FT23096FDN33,"{'"1'": '"AC'", '"2'": '"107007'", '"4'": '"1'", '"5'": '"USD'", '"7'": '"20230502'", '"11'": '"20656'", '"12'": '"1'", '"13'": '"USD'", '"14'": '"125.00'", '"15'": '"20230502'", '"18'": '"20230502'", '"44'": '"NO'", '"45'": '"WAIVE'", '"49'": '"WAIVE'", '"55'": '"100406'", '"57'": '"NO'", '"62'": '"NO'", '"63'": '"TR'", '"70'": '"USD125.00'", '"71'": '"USD125.00'", '"81'": '"GB0010001'", '"82'": '"GB0010001'", '"83'": '"AFWD'", '"87'": '"125.00'", '"88'": '"125.00'", '"94'": '"99'", '"95'": '"100406'", '"98'": '"N'", '"99'": '"N'", '"101'": '"100472'", '"111'": '"0'", '"112'": '"0'", '"113'": '"0'", '"114'": '"0'", '"136'": '"NO'", '"148'": '"0'", '"149'": '"0.00'", '"153'": '"20230406'", '"177'": '"GB62DEMO60161300107007'", '"178'": '"GB47DEMO60161300020656'", '"200'": '"PSD.NON'", '"218'": ['"DATE.GT.14}DATE MORE THAN 14 DAYS AHEAD'", '"DR.GT.FWD}DEBIT VALUE EXCEEDS MAX FWD VALUE'", '"GT.CR.VAL}CREDIT VALUE EXCEEDS MAX FWD VALUE'"], '"220'": '"1'", '"221'": '"68071_OFFICER__OFS_SEAT'", '"222'": '"2305231644'", '"223'": '"68071_OFFICER_OFS_SEAT'", '"224'": '"GB0010001'", '"225'": '"1'", '"col_counter'": 225}"
FT23096FZQFD,"{'"1'": '"AC'", '"2'": '"106534'", '"4'": '"1'", '"5'": '"GBP'", '"7'": '"20230502'", '"11'": '"20656'", '"12'": '"1'", '"13'": '"USD'", '"14'": '"125.00'", '"15'": '"20230502'", '"16'": '"1.241400000'", '"18'": '"20230502'", '"44'": '"NO'", '"45'": '"WAIVE'", '"49'": '"WAIVE'", '"54'": '"GBP'", '"55'": '"100333'", '"57'": '"NO'", '"62'": '"NO'", '"63'": '"TR'", '"70'": '"GBP100.69'", '"71'": '"USD125.00'", '"74'": '"1.2414'", '"81'": '"GB0010001'", '"82'": '"GB0010001'", '"83'": '"AFWD'", '"87'": '"125.00'", '"88'": '"125.00'", '"94'": '"99'", '"95'": '"100333'", '"98'": '"N'", '"99'": '"N'", '"101'": '"100472'", '"111'": '"0'", '"112'": '"0'", '"113'": '"0'", '"114'": '"0'", '"136'": '"NO'", '"148'": '"0'", '"149'": '"0.00'", '"153'": '"20230406'", '"177'": '"GB29DEMO60161300106534'", '"178'": '"GB47DEMO60161300020656'", '"200'": '"PSD.NON'", '"218'": ['"DATE.GT.14}DATE MORE THAN 14 DAYS AHEAD'", '"DR.GT.FWD}DEBIT VALUE EXCEEDS MAX FWD VALUE'", '"GT.CR.VAL}CREDIT VALUE EXCEEDS MAX FWD VALUE'"], '"220'": '"1'", '"221'": '"68071_OFFICER__OFS_SEAT'", '"222'": '"2305231644'", '"223'": '"68071_OFFICER_OFS_SEAT'", '"224'": '"GB0010001'", '"225'": '"1'", '"col_counter'": 225}"
FT23096HW7TT,"{'"1'": '"AC'", '"2'": '"106518'", '"4'": '"1'", '"5'": '"USD'", '"7'": '"20230502'", '"11'": '"20656'", '"12'": '"1'", '"13'": '"USD'", '"14'": '"217.00'", '"15'": '"20230502'", '"18'": '"20230502'", '"44'": '"NO'", '"45'": '"WAIVE'", '"49'": '"WAIVE'", '"55'": '"100398'", '"57'": '"NO'", '"62'": '"NO'", '"63'": '"TR'", '"70'": '"USD217.00'", '"71'": '"USD217.00'", '"81'": '"GB0010001'", '"82'": '"GB0010001'", '"83'": '"AFWD'", '"87'": '"217.00'", '"88'": '"217.00'", '"94'": '"99'", '"95'": '"100398'", '"98'": '"N'", '"99'": '"N'", '"101'": '"100472'", '"111'": '"0'", '"112'": '"0'", '"113'": '"0'", '"114'": '"0'", '"136'": '"NO'", '"148'": '"0'", '"149'": '"0.00'", '"153'": '"20230406'", '"177'": '"GB73DEMO60161300106518'", '"178'": '"GB47DEMO60161300020656'", '"200'": '"PSD.NON'", '"218'": ['"DATE.GT.14}DATE MORE THAN 14 DAYS AHEAD'", '"DR.GT.FWD}DEBIT VALUE EXCEEDS MAX FWD VALUE'", '"GT.CR.VAL}CREDIT VALUE EXCEEDS MAX FWD VALUE'"], '"220'": '"1'", '"221'": '"28372_OFFICER__OFS_SEAT'", '"222'": '"2305231644'", '"223'": '"28372_OFFICER_OFS_SEAT'", '"224'": '"GB0010001'", '"225'": '"1'", '"col_counter'": 225}"
FT23096KG0N2,"{'"1'": '"AC'", '"2'": '"106992'", '"4'": '"1'", '"5'": '"USD'", '"7'": '"20230502'", '"11'": '"20656'", '"12'": '"1'", '"13'": '"USD'", '"14'": '"244.00'", '"15'": '"20230502'", '"18'": '"20230502'", '"44'": '"NO'", '"45'": '"WAIVE'", '"49'": '"WAIVE'", '"55'": '"100387'", '"57'": '"NO'", '"62'": '"NO'", '"63'": '"TR'", '"70'": '"USD244.00'", '"71'": '"USD244.00'", '"81'": '"GB0010001'", '"82'": '"GB0010001'", '"83'": '"AFWD'", '"87'": '"244.00'", '"88'": '"244.00'", '"94'": '"99'", '"95'": '"100387'", '"98'": '"N'", '"99'": '"N'", '"101'": '"100472'", '"111'": '"0'", '"112'": '"0'", '"113'": '"0'", '"114'": '"0'", '"136'": '"NO'", '"148'": '"0'", '"149'": '"0.00'", '"153'": '"20230406'", '"177'": '"GB79DEMO60161300106992'", '"178'": '"GB47DEMO60161300020656'", '"200'": '"PSD.NON'", '"218'": ['"DATE.GT.14}DATE MORE THAN 14 DAYS AHEAD'", '"DR.GT.FWD}DEBIT VALUE EXCEEDS MAX FWD VALUE'", '"GT.CR.VAL}CREDIT VALUE EXCEEDS MAX FWD VALUE'"], '"220'": '"1'", '"221'": '"42265_OFFICER__OFS_SEAT'", '"222'": '"2305231644'", '"223'": '"42265_OFFICER_OFS_SEAT'", '"224'": '"GB0010001'", '"225'": '"1'", '"col_counter'": 225}"
FT23096NLJXJ,"{'"1'": '"AC'", '"2'": '"106526'", '"4'": '"1'", '"5'": '"USD'", '"7'": '"20230502'", '"11'": '"20656'", '"12'": '"1'", '"13'": '"USD'", '"14'": '"144.00'", '"15'": '"20230502'", '"18'": '"20230502'", '"44'": '"NO'", '"45'": '"WAIVE'", '"49'": '"WAIVE'", '"55'": '"100383'", '"57'": '"NO'", '"62'": '"NO'", '"63'": '"TR'", '"70'": '"USD144.00'", '"71'": '"USD144.00'", '"81'": '"GB0010001'", '"82'": '"GB0010001'", '"83'": '"AFWD'", '"87'": '"144.00'", '"88'": '"144.00'", '"94'": '"99'", '"95'": '"100383'", '"98'": '"N'", '"99'": '"N'", '"101'": '"100472'", '"111'": '"0'", '"112'": '"0'", '"113'": '"0'", '"114'": '"0'", '"136'": '"NO'", '"148'": '"0'", '"149'": '"0.00'", '"153'": '"20230406'", '"177'": '"GB51DEMO60161300106526'", '"178'": '"GB47DEMO60161300020656'", '"200'": '"PSD.NON'", '"218'": ['"DATE.GT.14}DATE MORE THAN 14 DAYS AHEAD'", '"DR.GT.FWD}DEBIT VALUE EXCEEDS MAX FWD VALUE'", '"GT.CR.VAL}CREDIT VALUE EXCEEDS MAX FWD VALUE'"], '"220'": '"1'", '"221'": '"26384_OFFICER__OFS_SEAT'", '"222'": '"2305231644'", '"223'": '"26384_OFFICER_OFS_SEAT'", '"224'": '"GB0010001'", '"225'": '"1'", '"col_counter'": 225}"
FT23096P8VZR,"{'"1'": '"AC'", '"2'": '"107018'", '"4'": '"1'", '"5'": '"USD'", '"7'": '"20230502'", '"11'": '"20656'", '"12'": '"1'", '"13'": '"USD'", '"14'": '"150.00'", '"15'": '"20230502'", '"18'": '"20230502'", '"44'": '"NO'", '"45'": '"WAIVE'", '"49'": '"WAIVE'", '"55'": '"100336'", '"57'": '"NO'", '"62'": '"NO'", '"63'": '"TR'", '"70'": '"USD150.00'", '"71'": '"USD150.00'", '"81'": '"GB0010001'", '"82'": '"GB0010001'", '"83'": '"AFWD'", '"87'": '"150.00'", '"88'": '"150.00'", '"94'": '"99'", '"95'": '"100336'", '"98'": '"N'", '"99'": '"N'", '"101'": '"100472'", '"111'": '"0'", '"112'": '"0'", '"113'": '"0'", '"114'": '"0'", '"136'": '"NO'", '"148'": '"0'", '"149'": '"0.00'", '"153'": '"20230406'", '"177'": '"GB56DEMO60161300107018'", '"178'": '"GB47DEMO60161300020656'", '"200'": '"PSD.NON'", '"218'": ['"DATE.GT.14}DATE MORE THAN 14 DAYS AHEAD'", '"DR.GT.FWD}DEBIT VALUE EXCEEDS MAX FWD VALUE'", '"GT.CR.VAL}CREDIT VALUE EXCEEDS MAX FWD VALUE'"], '"220'": '"1'", '"221'": '"42265_OFFICER__OFS_SEAT'", '"222'": '"2305231644'", '"223'": '"42265_OFFICER_OFS_SEAT'", '"224'": '"GB0010001'", '"225'": '"1'", '"col_counter'": 225}"
FT23096R6PJ7,"{'"1'": '"AC'", '"2'": '"106976'", '"4'": '"1'", '"5'": '"USD'", '"7'": '"20230502'", '"11'": '"20656'", '"12'": '"1'", '"13'": '"USD'", '"14'": '"175.00'", '"15'": '"20230502'", '"18'": '"20230502'", '"44'": '"NO'", '"45'": '"WAIVE'", '"49'": '"WAIVE'", '"55'": '"100384'", '"57'": '"NO'", '"62'": '"NO'", '"63'": '"TR'", '"70'": '"USD175.00'", '"71'": '"USD175.00'", '"81'": '"GB0010001'", '"82'": '"GB0010001'", '"83'": '"AFWD'", '"87'": '"175.00'", '"88'": '"175.00'", '"94'": '"99'", '"95'": '"100384'", '"98'": '"N'", '"99'": '"N'", '"101'": '"100472'", '"111'": '"0'", '"112'": '"0'", '"113'": '"0'", '"114'": '"0'", '"136'": '"NO'", '"148'": '"0'", '"149'": '"0.00'", '"153'": '"20230406'", '"177'": '"GB26DEMO60161300106976'", '"178'": '"GB47DEMO60161300020656'", '"200'": '"PSD.NON'", '"218'": ['"DATE.GT.14}DATE MORE THAN 14 DAYS AHEAD'", '"DR.GT.FWD}DEBIT VALUE EXCEEDS MAX FWD VALUE'", '"GT.CR.VAL}CREDIT VALUE EXCEEDS MAX FWD VALUE'"], '"220'": '"1'", '"221'": '"79411_OFFICER__OFS_SEAT'", '"222'": '"2305231644'", '"223'": '"79411_OFFICER_OFS_SEAT'", '"224'": '"GB0010001'", '"225'": '"1'", '"col_counter'": 225}"
FT23096RV4CN,"{'"1'": '"AC'", '"2'": '"107034'", '"4'": '"1'", '"5'": '"USD'", '"7'": '"20230502'", '"11'": '"20656'", '"12'": '"1'", '"13'": '"USD'", '"14'": '"198.00'", '"15'": '"20230502'", '"18'": '"20230502'", '"44'": '"NO'", '"45'": '"WAIVE'", '"49'": '"WAIVE'", '"55'": '"100410'", '"57'": '"NO'", '"62'": '"NO'", '"63'": '"TR'", '"70'": '"USD198.00'", '"71'": '"USD198.00'", '"81'": '"GB0010001'", '"82'": '"GB0010001'", '"83'": '"AFWD'", '"87'": '"198.00'", '"88'": '"198.00'", '"94'": '"99'", '"95'": '"100410'", '"98'": '"N'", '"99'": '"N'", '"101'": '"100472'", '"111'": '"0'", '"112'": '"0'", '"113'": '"0'", '"114'": '"0'", '"136'": '"NO'", '"148'": '"0'", '"149'": '"0.00'", '"153'": '"20230406'", '"177'": '"GB12DEMO60161300107034'", '"178'": '"GB47DEMO60161300020656'", '"200'": '"PSD.NON'", '"218'": ['"DATE.GT.14}DATE MORE THAN 14 DAYS AHEAD'", '"DR.GT.FWD}DEBIT VALUE EXCEEDS MAX FWD VALUE'", '"GT.CR.VAL}CREDIT VALUE EXCEEDS MAX FWD VALUE'"], '"220'": '"1'", '"221'": '"53064_OFFICER__OFS_SEAT'", '"222'": '"2305231644'", '"223'": '"53064_OFFICER_OFS_SEAT'", '"224'": '"GB0010001'", '"225'": '"1'", '"col_counter'": 225}"
FT23096W6XR7,"{'"1'": '"AC'", '"2'": '"106453'", '"4'": '"1'", '"5'": '"USD'", '"7'": '"20230502'", '"11'": '"20656'", '"12'": '"1'", '"13'": '"USD'", '"14'": '"127.00'", '"15'": '"20230502'", '"18'": '"20230502'", '"44'": '"NO'", '"45'": '"WAIVE'", '"49'": '"WAIVE'", '"55'": '"100405'", '"57'": '"NO'", '"62'": '"NO'", '"63'": '"TR'", '"70'": '"USD127.00'", '"71'": '"USD127.00'", '"81'": '"GB0010001'", '"82'": '"GB0010001'", '"83'": '"AFWD'", '"87'": '"127.00'", '"88'": '"127.00'", '"94'": '"99'", '"95'": '"100405'", '"98'": '"N'", '"99'": '"N'", '"101'": '"100472'", '"111'": '"0'", '"112'": '"0'", '"113'": '"0'", '"114'": '"0'", '"136'": '"NO'", '"148'": '"0'", '"149'": '"0.00'", '"153'": '"20230406'", '"177'": '"GB82DEMO60161300106453'", '"178'": '"GB47DEMO60161300020656'", '"200'": '"PSD.NON'", '"218'": ['"DATE.GT.14}DATE MORE THAN 14 DAYS AHEAD'", '"DR.GT.FWD}DEBIT VALUE EXCEEDS MAX FWD VALUE'", '"GT.CR.VAL}CREDIT VALUE EXCEEDS MAX FWD VALUE'"], '"220'": '"1'", '"221'": '"79411_OFFICER__OFS_SEAT'", '"222'": '"2305231644'", '"223'": '"79411_OFFICER_OFS_SEAT'", '"224'": '"GB0010001'", '"225'": '"1'", '"col_counter'": 225}"
FT23096Z3VB1,"{'"1'": '"AC'", '"2'": '"107271'", '"4'": '"1'", '"5'": '"USD'", '"7'": '"20230502'", '"11'": '"20656'", '"12'": '"1'", '"13'": '"USD'", '"14'": '"250.00'", '"15'": '"20230502'", '"18'": '"20230502'", '"44'": '"NO'", '"45'": '"WAIVE'", '"49'": '"WAIVE'", '"55'": '"100409'", '"57'": '"NO'", '"62'": '"NO'", '"63'": '"TR'", '"70'": '"USD250.00'", '"71'": '"USD250.00'", '"81'": '"GB0010001'", '"82'": '"GB0010001'", '"83'": '"AFWD'", '"87'": '"250.00'", '"88'": '"250.00'", '"94'": '"99'", '"95'": '"100409'", '"98'": '"N'", '"99'": '"N'", '"101'": '"100472'", '"111'": '"0'", '"112'": '"0'", '"113'": '"0'", '"114'": '"0'", '"136'": '"NO'", '"148'": '"0'", '"149'": '"0.00'", '"153'": '"20230406'", '"177'": '"GB15DEMO60161300107271'", '"178'": '"GB47DEMO60161300020656'", '"200'": '"PSD.NON'", '"218'": ['"DATE.GT.14}DATE MORE THAN 14 DAYS AHEAD'", '"DR.GT.FWD}DEBIT VALUE EXCEEDS MAX FWD VALUE'", '"GT.CR.VAL}CREDIT VALUE EXCEEDS MAX FWD VALUE'", '"POSTING.RESTRICT.CUST}Customer & - &{100409}Automatic Closing{USD{250{107271{100409{213{{90'"], '"220'": '"1'", '"221'": '"42265_OFFICER__OFS_SEAT'", '"222'": '"2305231644'", '"223'": '"42265_OFFICER_OFS_SEAT'", '"224'": '"GB0010001'", '"225'": '"1'", '"col_counter'": 225}"
FT23096Z46YH,"{'"1'": '"AC'", '"2'": '"106507'", '"4'": '"1'", '"5'": '"CAD'", '"7'": '"20230502'", '"11'": '"20656'", '"12'": '"1'", '"13'": '"USD'", '"14'": '"132.00'", '"15'": '"20230502'", '"16'": '"1.336150000'", '"18'": '"20230502'", '"44'": '"NO'", '"45'": '"WAIVE'", '"49'": '"WAIVE'", '"54'": '"USD'", '"55'": '"100342'", '"57'": '"NO'", '"62'": '"NO'", '"63'": '"TR'", '"70'": '"CAD176.37'", '"71'": '"USD132.00'", '"74'": '"1.33615'", '"81'": '"GB0010001'", '"82'": '"GB0010001'", '"83'": '"AFWD'", '"87'": '"132.00'", '"88'": '"132.00'", '"94'": '"99'", '"95'": '"100342'", '"98'": '"N'", '"99'": '"N'", '"101'": '"100472'", '"111'": '"0'", '"112'": '"0'", '"113'": '"0'", '"114'": '"0'", '"136'": '"NO'", '"148'": '"0'", '"149'": '"0.00'", '"153'": '"20230406'", '"177'": '"GB79DEMO60161300106507'", '"178'": '"GB47DEMO60161300020656'", '"200'": '"PSD.NON'", '"218'": ['"DATE.GT.14}DATE MORE THAN 14 DAYS AHEAD'", '"DR.GT.FWD}DEBIT VALUE EXCEEDS MAX FWD VALUE'", '"GT.CR.VAL}CREDIT VALUE EXCEEDS MAX FWD VALUE'"], '"220'": '"1'", '"221'": '"71238_OFFICER__OFS_SEAT'", '"222'": '"2305231644'", '"223'": '"71238_OFFICER_OFS_SEAT'", '"224'": '"GB0010001'", '"225'": '"1'", '"col_counter'": 225}"
FT23115MS4MW,"{'"1'": '"AC'", '"2'": '"USD1792500010001'", '"4'": '"1'", '"5'": '"USD'", '"7'": '"20230425'", '"11'": '"USD179250001'", '"12'": '"1'", '"13'": '"USD'", '"14'": '"20.00'", '"15'": '"20230425'", '"18'": '"20230425'", '"19'": '"Stock Exch Fees'", '"44'": '"NO'", '"45'": '"WAIVE'", '"49'": '"WAIVE'", '"56'": '"1'", '"57'": '"NO'", '"62'": '"NO'", '"63'": '"TR'", '"70'": '"USD20.00'", '"71'": '"USD20.00'", '"81'": '"GB0010001'", '"82'": '"GB0010001'", '"87'": '"20.00'", '"88'": '"20.00'", '"98'": '"N'", '"99'": '"N'", '"111'": '"0'", '"112'": '"0'", '"113'": '"0'", '"114'": '"0'", '"136'": '"NO'", '"148'": '"0'", '"149'": '"0.00'", '"217'": ['"208020531748071.00'", '"1-2'"], '"218'": '"TEST MSG'", '"220'": '"1'", '"221'": '"230_SYSTEM'", '"222'": '"2412131321'", '"223'": '"230_SYSTEM'", '"224'": '"GB0010001'", '"225'": '"1'", '"col_counter'": 225}"
FT23115KC83L,"{'"1'": '"ACRP'", '"2'": '"122599'", '"4'": '"1'", '"5'": '"USD'", '"7'": '"20230425'", '"11'": '"122677'", '"12'": '"1'", '"13'": '"EUR'", '"14'": '"48359.27'", '"15'": '"20230425'", '"16'": '"1.1752'", '"18'": '"20230425'", '"44'": '"NO'", '"45'": '"WAIVE'", '"49'": '"WAIVE'", '"54'": '"EUR'", '"55'": '"190355'", '"57'": '"NO'", '"62'": '"NO'", '"63'": '"TR'", '"70'": '"USD56831.81'", '"71'": '"EUR48359.27'", '"74'": '"1.1752'", '"76'": '"RC-122599*20230418*AA*CONSUMER.INSTALLMENT.LOANS*CONSUMER.LOAN*AABILL23108LQCLY'", '"81'": '"GB0010001'", '"82'": '"GB0010001'", '"87'": '"56831.81'", '"88'": '"56831.81'", '"94'": '"99'", '"95'": '"190355'", '"96'": '"190355'", '"98'": '"N'", '"99'": '"N'", '"101'": '"190355'", '"111'": '"0'", '"112'": '"0'", '"113'": '"0'", '"114'": '"0'", '"136'": '"NO'", '"148'": '"0'", '"149'": '"0.00'", '"153'": '"20230425'", '"177'": '"GB58DEMO60161300122599'", '"200'": '"PSD.NON'", '"217'": ['"208022823948223.05'", '"1-3*1'"], '"218'": '"TEST.OV}TEST MSG'", '"220'": '"1'", '"221'": '"229_INPUTTER__OFS_RC.PROCESS'", '"222'": '"2412131323'", '"223'": '"229_INPUTTER_OFS_RC.PROCESS'", '"224'": '"GB0010001'", '"225'": '"1'", '"col_counter'": 225}"
FT23115QL9VH,"{'"1'": '"ACRP'", '"2'": '"122629'", '"4'": '"1'", '"5'": '"USD'", '"7'": '"20230425'", '"11'": '"122866'", '"12'": '"1'", '"13'": '"USD'", '"14'": '"250.00'", '"15'": '"20230425'", '"18'": '"20230425'", '"44'": '"NO'", '"45'": '"WAIVE'", '"49'": '"WAIVE'", '"55'": '"100100'", '"57'": '"NO'", '"62'": '"NO'", '"63'": '"TR'", '"70'": '"USD250.00'", '"71'": '"USD250.00'", '"76'": '"RC-122629*20230418*AA*HOME.EQUITY*HOME.EQUITY.LOAN*AABILL23108DG87M'", '"81'": '"GB0010001'", '"82'": '"GB0010001'", '"87'": '"250.00'", '"88'": '"250.00'", '"94'": '"99'", '"95'": '"100100'", '"96'": '"100100'", '"98'": '"N'", '"99'": '"N'", '"101'": '"100100'", '"111'": '"0'", '"112'": '"0'", '"113'": '"0'", '"114'": '"0'", '"136'": '"NO'", '"148'": '"0'", '"149'": '"0.00'", '"153'": '"20230425'", '"177'": '"GB24DEMO60161300122629'", '"200'": '"PSD.NON'", '"217'": ['"208022823948226.03'", '"1*1'"], '"218'": ['"POSTING.RESTRICT.CUST}Customer & - &{100100}Post No Debits}OTHER{1{852{250{USD{122629{100100{'", '"TEST.OV}TEST MSG'"], '"220'": '"1'", '"221'": '"229_INPUTTER__OFS_RC.PROCESS'", '"222'": '"2412131323'", '"223'": '"229_INPUTTER_OFS_RC.PROCESS'", '"224'": '"GB0010001'", '"225'": '"1'", '"col_counter'": 225}"
FT23115HN1F0,"{'"1'": '"ACRP'", '"2'": '"122629'", '"4'": '"1'", '"5'": '"USD'", '"7'": '"20230425'", '"11'": '"122866'", '"12'": '"1'", '"13'": '"USD'", '"14'": '"500.00'", '"15'": '"20230425'", '"18'": '"20230425'", '"44'": '"NO'", '"45'": '"WAIVE'", '"49'": '"WAIVE'", '"55'": '"100100'", '"57'": '"NO'", '"62'": '"NO'", '"63'": '"TR'", '"70'": '"USD500.00'", '"71'": '"USD500.00'", '"76'": '"RC-122629*20230418*AA*HOME.EQUITY*HOME.EQUITY.LOAN*AABILL2310885RY5'", '"81'": '"GB0010001'", '"82'": '"GB0010001'", '"87'": '"500.00'", '"88'": '"500.00'", '"94'": '"99'", '"95'": '"100100'", '"96'": '"100100'", '"98'": '"N'", '"99'": '"N'", '"101'": '"100100'", '"111'": '"0'", '"112'": '"0'", '"113'": '"0'", '"114'": '"0'", '"136'": '"NO'", '"148'": '"0'", '"149'": '"0.00'", '"153'": '"20230425'", '"177'": '"GB24DEMO60161300122629'", '"200'": '"PSD.NON'", '"217'": ['"208022823948230.09'", '"1*1'"], '"218'": ['"POSTING.RESTRICT.CUST}Customer & - &{100100}Post No Debits}OTHER{1{852{500{USD{122629{100100{'", '"TEST.OV}TEST MSG'"], '"220'": '"1'", '"221'": '"229_INPUTTER__OFS_RC.PROCESS'", '"222'": '"2412131323'", '"223'": '"229_INPUTTER_OFS_RC.PROCESS'", '"224'": '"GB0010001'", '"225'": '"1'", '"col_counter'": 225}"
FT23115Q9R8N,"{'"1'": '"AC'", '"2'": '"99058'", '"4'": '"1'", '"5'": '"INR'", '"6'": '"10000000.00'", '"7'": '"20230425'", '"11'": '"127458'", '"12'": '"1'", '"13'": '"INR'", '"15'": '"20230425'", '"18'": '"20230425'", '"21'": '"190003'", '"43'": '"USD1406500010001'", '"44'": '"NO'", '"45'": '"DEBIT PLUS CHARGES'", '"49'": '"DEBIT PLUS CHARGES'", '"56'": '"1'", '"57'": '"NO'", '"62'": '"NO'", '"63'": '"TR'", '"67'": [null, null, null, null, null, null, null, null, null, null, null, null, null, null, null, null, null, null, null, null, null, null, null, null, null, null, null, null, null, null, null, null, null, null, null, null, null, null, null, null, null, null, null, null, null, null, null, null, null, null, null, null, null, null, null, null, null, null, null, null, null, null, null, null, null, null, null, null, null, null, null, null, null, null, null, null, null, null, null, null, null, null, null, null, null, null, null, null, null, null, null, null, null, null, null, null, null, null, null, null, null, null, null, null, null, null, null, null, null, null, null, null, null, null, null, null, null, null, null, null, null, null, null, null, null, null, null, null, null, null, null, null, null, null, null, null, null, null, null, null, null, null, null, null, null, null, null, null, null, null, null, null, null, null, null, null, null, null, null, null, null, null, null, null, null, null, null, null, null, null, null, null, null, null, null, null, null, null, null, null, null, null, null, null, null, null, null, null, null, null, null, null, null, null, null, null, null, null, null, null, null, null, null, null], '"70'": '"INR10000000.00'", '"71'": '"INR10000000.00'", '"81'": '"GB0010001'", '"82'": '"GB0010001'", '"87'": '"122228.17'", '"88'": '"122228.17'", '"94'": '"99'", '"96'": '"190834'", '"98'": '"N'", '"99'": '"N'", '"101'": '"190834'", '"111'": '"0'", '"112'": '"0'", '"113'": '"0'", '"114'": '"0'", '"136'": '"NO'", '"148'": '"0'", '"149'": '"0.00'", '"153'": '"20230425'", '"177'": '"GB24DEMO60161300099058'", '"200'": '"PSD.NON'", '"217'": ['"208121904731788.00'", '"1-2'"], '"218'": ['"WITHDRAWL.LT.MIN.BAL}WITHDRAWL MAKES A/C BAL LESS THAN MIN BAL'", '"TEST.OV}TEST MSG'", '"TEST.OV}TEST MSG'"], '"220'": '"1'", '"221'": '"229_ESWAR.2__OFS_BROWSERTC'", '"222'": '"2412230849'", '"223'": '"229_ESWAR.2_OFS_BROWSERTC'", '"224'": '"GB0010001'", '"225'": '"1'", '"col_counter'": 225}"
FT230962TF5Q,"{'"1'": '"AC'", '"2'": '"107298'", '"4'": '"1'", '"5'": '"USD'", '"7'": '"20230502'", '"11'": '"20656'", '"12'": '"1'", '"13'": '"USD'", '"14'": '"165.00'", '"15'": '"20230502'", '"18'": '"20230502'", '"45'": '"WAIVE'", '"49'": '"WAIVE'", '"55'": '"111501'", '"57'": '"NO'", '"62'": '"NO'", '"63'": '"TR'", '"70'": '"USD165.00'", '"71'": '"USD165.00'", '"81'": '"GB0010001'", '"82'": '"GB0010001'", '"83'": '"AFWD'", '"87'": '"165.00'", '"88'": '"165.00'", '"94'": '"99'", '"95'": '"111501'", '"98'": '"N'", '"99'": '"N'", '"101'": '"100472'", '"111'": '"0'", '"112'": '"0'", '"113'": '"0'", '"114'": '"0'", '"136'": '"NO'", '"148'": '"0'", '"149'": '"0.00'", '"153'": '"20230425'", '"177'": '"GB62DEMO60161300107298'", '"178'": '"GB47DEMO60161300020656'", '"200'": '"PSD.NON'", '"218'": ['"DATE.GT.14}DATE MORE THAN 14 DAYS AHEAD'", '"DR.GT.FWD}DEBIT VALUE EXCEEDS MAX FWD VALUE'", '"GT.CR.VAL}CREDIT VALUE EXCEEDS MAX FWD VALUE'"], '"220'": '"1'", '"221'": '"68071_OFFICER__OFS_SEAT'", '"222'": '"2501091114'", '"223'": '"208_SUMUDUIN_OFS_BROWSERTC'", '"224'": '"GB0010001'", '"225'": '"1'", '"col_counter'": 225}"
FT23103BGPV0,"{'"1'": '"AC'", '"2'": '"104868'", '"4'": '"1'", '"5'": '"USD'", '"6'": '"15000.00'", '"7'": '"20230413'", '"11'": '"104957'", '"12'": '"1'", '"13'": '"USD'", '"15'": '"20230413'", '"18'": '"20230413'", '"45'": '"WAIVE'", '"49'": '"WAIVE'", '"55'": '"100230'", '"57'": '"NO'", '"62'": '"NO'", '"63'": '"TR'", '"70'": '"USD15000.00'", '"71'": '"USD15000.00'", '"81'": '"GB0010001'", '"82'": '"GB0010001'", '"87'": '"15000.00'", '"88'": '"15000.00'", '"94'": '"99'", '"95'": '"100230'", '"96'": '"100230'", '"98'": '"N'", '"99'": '"N'", '"101'": '"100230'", '"111'": '"0'", '"112'": '"0'", '"113'": '"0'", '"114'": '"0'", '"136'": '"NO'", '"148'": '"0'", '"149'": '"0.00'", '"153'": '"20230425'", '"177'": '"GB03DEMO60161300104868'", '"178'": '"GB25DEMO60161300104957'", '"200'": '"PSD.NON'", '"217'": ['"208295708940492.00'", '"1-2'"], '"220'": '"1'", '"221'": '"87157_OFFICER__OFS_SEAT'", '"222'": '"2501091114'", '"223'": '"212_SUMUDUIN_OFS_BROWSERTC'", '"224'": '"GB0010001'", '"225'": '"1'", '"col_counter'": 225}"
FT23115M56P4,"{'"1'": '"AC'", '"2'": '"127485'", '"4'": '"1'", '"5'": '"USD'", '"6'": '"10000.00'", '"7'": '"20230425'", '"9'": '"Lombloan'", '"10'": '"Lombard loan'", '"11'": '"100153'", '"12'": '"1'", '"13'": '"USD'", '"15'": '"20230425'", '"18'": '"20230425'", '"45'": '"WAIVE'", '"49'": '"WAIVE'", '"55'": '"100291'", '"57'": '"NO'", '"62'": '"NO'", '"63'": '"TR'", '"70'": '"USD10000.00'", '"71'": '"USD10000.00'", '"81'": '"GB0010001'", '"82'": '"GB0010001'", '"87'": '"10000.00'", '"88'": '"10000.00'", '"94'": '"99'", '"95'": '"100291'", '"96'": '"100291'", '"98'": '"N'", '"99'": '"N'", '"101'": '"100291'", '"111'": '"0'", '"112'": '"0'", '"113'": '"0'", '"114'": '"0'", '"136'": '"NO'", '"148'": '"0'", '"149'": '"0.00'", '"153'": '"20230425'", '"178'": '"GB44DEMO60161300100153'", '"200'": '"PSD.NON'", '"217'": ['"208355373721228.00'", '"1*1'"], '"218'": ['"TEST.OV}TEST MSG'", '"AA-ADJUSTMENT.PENDING.FOR.DATE}Adjustment Pending for the date &{20230401'", '"ACCT.UNAUTH.OD}Unauthorised overdraft of & & on account &.{USD}10000}127485{USD{10000{127485{100291{861{{'"], '"220'": '"1'", '"221'": '"212_ESWAR.1__OFS_BROWSERTC'", '"222'": '"2501150553'", '"223'": '"209_ESWAR.2_OFS_BROWSERTC'", '"224'": '"GB0010001'", '"225'": '"1'", '"col_counter'": 225}"
FT23115NPVR4,"{'"1'": '"AC'", '"2'": '"23752'", '"4'": '"1'", '"5'": '"USD'", '"6'": '"81250.00'", '"7'": '"20230425'", '"9'": '"CASHBAL'", '"10'": '"CASH BAL'", '"11'": '"127507'", '"12'": '"1'", '"13'": '"USD'", '"15'": '"20230425'", '"18'": '"20230425'", '"19'": '"DFCC'", '"45'": '"WAIVE'", '"49'": '"WAIVE'", '"57'": '"NO'", '"62'": '"NO'", '"63'": '"TR'", '"70'": '"USD81250.00'", '"71'": '"USD81250.00'", '"81'": '"GB0010001'", '"82'": '"GB0010001'", '"87'": '"81250.00'", '"88'": '"81250.00'", '"94'": '"99'", '"96'": '"190956'", '"98'": '"N'", '"99'": '"N'", '"101'": '"190956'", '"111'": '"0'", '"112'": '"0'", '"113'": '"0'", '"114'": '"0'", '"136'": '"NO'", '"148'": '"0'", '"149'": '"0.00'", '"153'": '"20230425'", '"177'": '"GB69DEMO60161300023752'", '"178'": '"GB44DEMO60161300127507'", '"200'": '"PSD.NON'", '"217'": ['"208360636832160.00'", '"1-2'"], '"218'": ['"TEST.OV}TEST MSG'", '"TEST.OV}TEST MSG'"], '"220'": '"1'", '"221'": '"213_ESWAR.1__OFS_BROWSERTC'", '"222'": '"2501160856'", '"223'": '"217_ESWAR.2_OFS_BROWSERTC'", '"224'": '"GB0010001'", '"225'": '"1'", '"col_counter'": 225}"
FT231156BX09,"{'"1'": '"AC'", '"2'": '"106941'", '"4'": '"1'", '"5'": '"USD'", '"7'": '"20230425'", '"11'": '"20656'", '"12'": '"1'", '"13'": '"USD'", '"14'": '"100.00'", '"15'": '"20230425'", '"18'": '"20230425'", '"45'": '"DEBIT PLUS CHARGES'", '"49'": '"DEBIT PLUS CHARGES'", '"55'": '"100389'", '"57'": '"NO'", '"62'": '"NO'", '"63'": '"TR'", '"67'": [null, null, null, null, null, null, null, null, null, null, null, null, null, null, null, null, null, null, null, null, null, null, null, null, null, null, null, null, null, null, null, null, null, null, null, null, null, null, null, null, null, null, null, null, null, null, null, null, null, null, null, null, null, null, null, null, null, null, null, null, null, null, null, null, null, null, null, null, null, null, null, null, null, null, null, null, null, null, null, null, null, null, null, null, null, null, null, null, null, null, null, null, null, null, null, null, null, null, null, null, null, null, null, null, null, null, null, null, null, null, null, null, null, null, null, null, null, null, null, null, null, null, null, null, null, null, null, null, null, null, null, null, null, null, null, null, null, null, null, null, null, null, null, null, null, null, null, null, null, null, null, null, null, null, null, null, null, null, null, null, null, null, null, null, null, null, null, null, null, null, null, null, null, null, null, null, null, null, null, null, null, null, null, null, null, null, null, null, null, null, null, null, null, null, null, null, null, null, null, null, null, null, null, null], '"70'": '"USD100.00'", '"71'": '"USD100.00'", '"81'": '"GB0010001'", '"82'": '"GB0010001'", '"87'": '"100.00'", '"88'": '"100.00'", '"94'": '"99'", '"95'": '"100389'", '"98'": '"N'", '"99'": '"N'", '"101'": '"100472'", '"111'": '"0'", '"112'": '"0'", '"113'": '"0'", '"114'": '"0'", '"136'": '"NO'", '"148'": '"0'", '"149'": '"0.00'", '"153'": '"20230425'", '"177'": '"GB98DEMO60161300106941'", '"178'": '"GB47DEMO60161300020656'", '"200'": '"PSD.NON'", '"217'": ['"208564108916426.00'", '"1-2'"], '"218'": '"TEST.OV}TEST MSG'", '"220'": '"1'", '"221'": '"226_FARHAN.INPUT1__OFS_BROWSERTC'", '"222'": '"2502050433'", '"223'": '"229_FARHAN.AUT1_OFS_BROWSERTC'", '"224'": '"GB0010001'", '"225'": '"1'", '"col_counter'": 225}"
FT23115HKQWW,"{'"1'": '"AC'", '"2'": '"127717'", '"4'": '"1'", '"5'": '"USD'", '"7'": '"20230425'", '"11'": '"20656'", '"12'": '"1'", '"13'": '"USD'", '"14'": '"175.00'", '"15'": '"20230425'", '"18'": '"20230425'", '"45'": '"DEBIT PLUS CHARGES'", '"49'": '"DEBIT PLUS CHARGES'", '"55'": '"190966'", '"57'": '"NO'", '"62'": '"NO'", '"63'": '"TR'", '"67'": [null, null, null, null, null, null, null, null, null, null, null, null, null, null, null, null, null, null, null, null, null, null, null, null, null, null, null, null, null, null, null, null, null, null, null, null, null, null, null, null, null, null, null, null, null, null, null, null, null, null, null, null, null, null, null, null, null, null, null, null, null, null, null, null, null, null, null, null, null, null, null, null, null, null, null, null, null, null, null, null, null, null, null, null, null, null, null, null, null, null, null, null, null, null, null, null, null, null, null, null, null, null, null, null, null, null, null, null, null, null, null, null, null, null, null, null, null, null, null, null, null, null, null, null, null, null, null, null, null, null, null, null, null, null, null, null, null, null, null, null, null, null, null, null, null, null, null, null, null, null, null, null, null, null, null, null, null, null, null, null, null, null, null, null, null, null, null, null, null, null, null, null, null, null, null, null, null, null, null, null, null, null, null, null, null, null, null, null, null, null, null, null, null, null, null, null, null, null, null, null, null, null, null, null], '"70'": '"USD175.00'", '"71'": '"USD175.00'", '"81'": '"GB0010001'", '"82'": '"GB0010001'", '"87'": '"175.00'", '"88'": '"175.00'", '"94'": '"99'", '"95'": '"190966'", '"98'": '"N'", '"99'": '"N'", '"101'": '"100472'", '"111'": '"0'", '"112'": '"0'", '"113'": '"0'", '"114'": '"0'", '"136'": '"NO'", '"148'": '"0'", '"149'": '"0.00'", '"153'": '"20230425'", '"177'": '"GB97DEMO60161300127717'", '"178'": '"GB47DEMO60161300020656'", '"200'": '"PSD.NON'", '"217'": ['"208564124119653.00'", '"1-2'"], '"218'": ['"WITHDRAWL.LT.MIN.BAL}WITHDRAWL MAKES A/C BAL LESS THAN MIN BAL'", '"ACCT.UNAUTH.OD}Unauthorised overdraft of & & on account &.{USD}175}127717{USD{175{127717{190966{213{{'", '"TEST.OV}TEST MSG'", '"TEST.OV}TEST MSG'"], '"220'": '"1'", '"221'": '"228_FARHAN.INPUT1__OFS_BROWSERTC'", '"222'": '"2502050527'", '"223'": '"226_FARHAN.AUT1_OFS_BROWSERTC'", '"224'": '"GB0010001'", '"225'": '"1'", '"col_counter'": 225}"
FT23115GQBN2,"{'"1'": '"AC'", '"2'": '"127701'", '"4'": '"1'", '"5'": '"USD'", '"7'": '"20230425'", '"11'": '"20656'", '"12'": '"1'", '"13'": '"USD'", '"14'": '"175.00'", '"15'": '"20230425'", '"18'": '"20230425'", '"45'": '"DEBIT PLUS CHARGES'", '"49'": '"DEBIT PLUS CHARGES'", '"55'": '"190965'", '"57'": '"NO'", '"62'": '"NO'", '"63'": '"TR'", '"67'": [null, null, null, null, null, null, null, null, null, null, null, null, null, null, null, null, null, null, null, null, null, null, null, null, null, null, null, null, null, null, null, null, null, null, null, null, null, null, null, null, null, null, null, null, null, null, null, null, null, null, null, null, null, null, null, null, null, null, null, null, null, null, null, null, null, null, null, null, null, null, null, null, null, null, null, null, null, null, null, null, null, null, null, null, null, null, null, null, null, null, null, null, null, null, null, null, null, null, null, null, null, null, null, null, null, null, null, null, null, null, null, null, null, null, null, null, null, null, null, null, null, null, null, null, null, null, null, null, null, null, null, null, null, null, null, null, null, null, null, null, null, null, null, null, null, null, null, null, null, null, null, null, null, null, null, null, null, null, null, null, null, null, null, null, null, null, null, null, null, null, null, null, null, null, null, null, null, null, null, null, null, null, null, null, null, null, null, null, null, null, null, null, null, null, null, null, null, null, null, null, null, null, null, null], '"70'": '"USD175.00'", '"71'": '"USD175.00'", '"81'": '"GB0010001'", '"82'": '"GB0010001'", '"87'": '"175.00'", '"88'": '"175.00'", '"94'": '"99'", '"95'": '"190965'", '"98'": '"N'", '"99'": '"N'", '"101'": '"100472'", '"111'": '"0'", '"112'": '"0'", '"113'": '"0'", '"114'": '"0'", '"136'": '"NO'", '"148'": '"0'", '"149'": '"0.00'", '"153'": '"20230425'", '"177'": '"GB44DEMO60161300127701'", '"178'": '"GB47DEMO60161300020656'", '"200'": '"PSD.NON'", '"217'": ['"208569661919696.00'", '"1-2'"], '"218'": ['"WITHDRAWL.LT.MIN.BAL}WITHDRAWL MAKES A/C BAL LESS THAN MIN BAL'", '"ACCT.UNAUTH.OD}Unauthorised overdraft of & & on account &.{USD}175}127701{USD{175{127701{190965{213{{'", '"TEST.OV}TEST MSG'", '"TEST.OV}TEST MSG'"], '"220'": '"1'", '"221'": '"226_FARHAN.INPUT1__OFS_BROWSERTC'", '"222'": '"2502050528'", '"223'": '"225_FARHAN.AUT1_OFS_BROWSERTC'", '"224'": '"GB0010001'", '"225'": '"1'", '"col_counter'": 225}"
FT231155K1N2,"{'"1'": '"AC'", '"2'": '"127717'", '"4'": '"1'", '"5'": '"USD'", '"7'": '"20230425'", '"11'": '"127701'", '"12'": '"1'", '"13'": '"USD'", '"14'": '"100.00'", '"15'": '"20230425'", '"18'": '"20230425'", '"45'": '"DEBIT PLUS CHARGES'", '"49'": '"DEBIT PLUS CHARGES'", '"55'": '"190966'", '"57'": '"NO'", '"62'": '"NO'", '"63'": '"TR'", '"67'": [null, null, null, null, null, null, null, null, null, null, null, null, null, null, null, null, null, null, null, null, null, null, null, null, null, null, null, null, null, null, null, null, null, null, null, null, null, null, null, null, null, null, null, null, null, null, null, null, null, null, null, null, null, null, null, null, null, null, null, null, null, null, null, null, null, null, null, null, null, null, null, null, null, null, null, null, null, null, null, null, null, null, null, null, null, null, null, null, null, null, null, null, null, null, null, null, null, null, null, null, null, null, null, null, null, null, null, null, null, null, null, null, null, null, null, null, null, null, null, null, null, null, null, null, null, null, null, null, null, null, null, null, null, null, null, null, null, null, null, null, null, null, null, null, null, null, null, null, null, null, null, null, null, null, null, null, null, null, null, null, null, null, null, null, null, null, null, null, null, null, null, null, null, null, null, null, null, null, null, null, null, null, null, null, null, null, null, null, null, null, null, null, null, null, null, null, null, null, null, null, null, null, null, null], '"70'": '"USD100.00'", '"71'": '"USD100.00'", '"81'": '"GB0010001'", '"82'": '"GB0010001'", '"87'": '"100.00'", '"88'": '"100.00'", '"94'": '"99'", '"95'": '"190966'", '"96'": '"190965'", '"98'": '"N'", '"99'": '"N'", '"101'": '"190965'", '"111'": '"0'", '"112'": '"0'", '"113'": '"0'", '"114'": '"0'", '"136'": '"NO'", '"148'": '"0'", '"149'": '"0.00'", '"153'": '"20230425'", '"177'": '"GB97DEMO60161300127717'", '"178'": '"GB44DEMO60161300127701'", '"200'": '"PSD.NON'", '"217'": ['"208576691615603.00'", '"1-2'"], '"218'": ['"LT.MINIMUM.BAL}A/C BALANCE STILL LESS THAN MINIMUM BAL'", '"WITHDRAWL.LT.MIN.BAL}WITHDRAWL MAKES A/C BAL LESS THAN MIN BAL'", '"TEST.OV}TEST MSG'", '"ACCT.UNAUTH.OD}Unauthorised overdraft of & & on account &.{USD}275}127717{USD{275{127717{190966{213{{'", '"TEST.OV}TEST MSG'"], '"220'": '"1'", '"221'": '"230_FARHAN.INPUT1__OFS_BROWSERTC'", '"222'": '"2502060420'", '"223'": '"229_FARHAN.AUT1_OFS_BROWSERTC'", '"224'": '"GB0010001'", '"225'": '"1'", '"col_counter'": 225}"
FT23115RR8MH,"{'"1'": '"AC'", '"2'": '"100048'", '"4'": '"1'", '"5'": '"USD'", '"7'": '"20230425'", '"11'": '"127717'", '"12'": '"1'", '"13'": '"USD'", '"14'": '"325.00'", '"15'": '"20230425'", '"18'": '"20230425'", '"44'": '"NO'", '"45'": '"DEBIT PLUS CHARGES'", '"49'": '"DEBIT PLUS CHARGES'", '"55'": '"555555'", '"57'": '"NO'", '"62'": '"NO'", '"63'": '"TR'", '"67'": [null, null, null, null, null, null, null, null, null, null, null, null, null, null, null, null, null, null, null, null, null, null, null, null, null, null, null, null, null, null, null, null, null, null, null, null, null, null, null, null, null, null, null, null, null, null, null, null, null, null, null, null, null, null, null, null, null, null, null, null, null, null, null, null, null, null, null, null, null, null, null, null, null, null, null, null, null, null, null, null, null, null, null, null, null, null, null, null, null, null, null, null, null, null, null, null, null, null, null, null, null, null, null, null, null, null, null, null, null, null, null, null, null, null, null, null, null, null, null, null, null, null, null, null, null, null, null, null, null, null, null, null, null, null, null, null, null, null, null, null, null, null, null, null, null, null, null, null, null, null, null, null, null, null, null, null, null, null, null, null, null, null, null, null, null, null, null, null, null, null, null, null, null, null, null, null, null, null, null, null, null, null, null, null, null, null, null, null, null, null, null, null, null, null, null, null, null, null, null, null, null, null, null, null], '"70'": '"USD325.00'", '"71'": '"USD325.00'", '"81'": '"GB0010001'", '"82'": '"GB0010001'", '"87'": '"325.00'", '"88'": '"325.00'", '"94'": '"99'", '"95'": '"555555'", '"96'": '"190966'", '"98'": '"N'", '"99'": '"N'", '"101'": '"190966'", '"111'": '"0'", '"112'": '"0'", '"113'": '"0'", '"114'": '"0'", '"136'": '"NO'", '"148'": '"0'", '"149'": '"0.00'", '"153'": '"20230425'", '"177'": '"GB66DEMO60161300100048'", '"178'": '"GB97DEMO60161300127717'", '"200'": '"PSD.NON'", '"217'": ['"208584724328330.01'", '"1-2'"], '"218'": ['"LT.MINIMUM.BAL}A/C BALANCE STILL LESS THAN MINIMUM BAL'", '"TEST.OV}TEST MSG'"], '"220'": '"1'", '"221'": '"229_FARHAN2__OFS_BROWSERTC'", '"222'": '"2502070752'", '"223'": '"229_FARHAN2_OFS_BROWSERTC'", '"224'": '"GB0010001'", '"225'": '"1'", '"col_counter'": 225}"
FT23115GRDKQ,"{'"1'": '"AC'", '"2'": '"127701'", '"4'": '"1'", '"5'": '"USD'", '"7'": '"20230425'", '"11'": '"127717'", '"12'": '"1'", '"13'": '"USD'", '"14'": '"50.00'", '"15'": '"20230425'", '"18'": '"20230425'", '"45'": '"DEBIT PLUS CHARGES'", '"49'": '"DEBIT PLUS CHARGES'", '"55'": '"190965'", '"57'": '"NO'", '"62'": '"NO'", '"63'": '"TR'", '"67'": [null, null, null, null, null, null, null, null, null, null, null, null, null, null, null, null, null, null, null, null, null, null, null, null, null, null, null, null, null, null, null, null, null, null, null, null, null, null, null, null, null, null, null, null, null, null, null, null, null, null, null, null, null, null, null, null, null, null, null, null, null, null, null, null, null, null, null, null, null, null, null, null, null, null, null, null, null, null, null, null, null, null, null, null, null, null, null, null, null, null, null, null, null, null, null, null, null, null, null, null, null, null, null, null, null, null, null, null, null, null, null, null, null, null, null, null, null, null, null, null, null, null, null, null, null, null, null, null, null, null, null, null, null, null, null, null, null, null, null, null, null, null, null, null, null, null, null, null, null, null, null, null, null, null, null, null, null, null, null, null, null, null, null, null, null, null, null, null, null, null, null, null, null, null, null, null, null, null, null, null, null, null, null, null, null, null, null, null, null, null, null, null, null, null, null, null, null, null, null, null, null, null, null, null], '"70'": '"USD50.00'", '"71'": '"USD50.00'", '"81'": '"GB0010001'", '"82'": '"GB0010001'", '"87'": '"50.00'", '"88'": '"50.00'", '"94'": '"99'", '"95'": '"190965'", '"96'": '"190966'", '"98'": '"N'", '"99'": '"N'", '"101'": '"190966'", '"111'": '"0'", '"112'": '"0'", '"113'": '"0'", '"114'": '"0'", '"136'": '"NO'", '"148'": '"0'", '"149'": '"0.00'", '"153'": '"20230425'", '"177'": '"GB44DEMO60161300127701'", '"178'": '"GB97DEMO60161300127717'", '"200'": '"PSD.NON'", '"217'": ['"208614478619641.00'", '"1-2'"], '"218'": ['"WITHDRAWL.LT.MIN.BAL}WITHDRAWL MAKES A/C BAL LESS THAN MIN BAL'", '"LT.MINIMUM.BAL}A/C BALANCE STILL LESS THAN MINIMUM BAL'", '"ACCT.UNAUTH.OD}Unauthorised overdraft of & & on account &.{USD}300}127701{USD{300{127701{190965{213{{'", '"TEST.OV}TEST MSG'", '"TEST.OV}TEST MSG'"], '"220'": '"1'", '"221'": '"228_FARHAN.INPUT1__OFS_BROWSERTC'", '"222'": '"2502100527'", '"223'": '"227_FARHAN.AUT1_OFS_BROWSERTC'", '"224'": '"GB0010001'", '"225'": '"1'", '"col_counter'": 225}"
FT2311582MPR,"{'"1'": '"AC'", '"2'": '"127825'", '"4'": '"1'", '"5'": '"USD'", '"7'": '"20230425'", '"11'": '"127701'", '"12'": '"1'", '"13'": '"USD'", '"14'": '"100.00'", '"15'": '"20230425'", '"18'": '"20230425'", '"45'": '"DEBIT PLUS CHARGES'", '"49'": '"DEBIT PLUS CHARGES'", '"55'": '"190965'", '"57'": '"NO'", '"62'": '"NO'", '"63'": '"TR'", '"67'": [null, null, null, null, null, null, null, null, null, null, null, null, null, null, null, null, null, null, null, null, null, null, null, null, null, null, null, null, null, null, null, null, null, null, null, null, null, null, null, null, null, null, null, null, null, null, null, null, null, null, null, null, null, null, null, null, null, null, null, null, null, null, null, null, null, null, null, null, null, null, null, null, null, null, null, null, null, null, null, null, null, null, null, null, null, null, null, null, null, null, null, null, null, null, null, null, null, null, null, null, null, null, null, null, null, null, null, null, null, null, null, null, null, null, null, null, null, null, null, null, null, null, null, null, null, null, null, null, null, null, null, null, null, null, null, null, null, null, null, null, null, null, null, null, null, null, null, null, null, null, null, null, null, null, null, null, null, null, null, null, null, null, null, null, null, null, null, null, null, null, null, null, null, null, null, null, null, null, null, null, null, null, null, null, null, null, null, null, null, null, null, null, null, null, null, null, null, null, null, null, null, null, null, null], '"70'": '"USD100.00'", '"71'": '"USD100.00'", '"81'": '"GB0010001'", '"82'": '"GB0010005'", '"87'": '"100.00'", '"88'": '"100.00'", '"94'": '"99'", '"95'": '"190965'", '"96'": '"190965'", '"98'": '"N'", '"99'": '"N'", '"101'": '"190965'", '"111'": '"0'", '"112'": '"0'", '"113'": '"0'", '"114'": '"0'", '"136'": '"NO'", '"148'": '"0'", '"149'": '"0.00'", '"153'": '"20230425'", '"177'": '"GB38DEMO60161400127825'", '"178'": '"GB44DEMO60161300127701'", '"200'": '"PSD.NON'", '"217'": ['"208614478622935.00'", '"1-2'", '"GB0010001'", '"208614478622935.01'", '"1-2'"], '"218'": ['"LT.MINIMUM.BAL}A/C BALANCE STILL LESS THAN MINIMUM BAL'", '"WITHDRAWL.LT.MIN.BAL}WITHDRAWL MAKES A/C BAL LESS THAN MIN BAL'", '"TEST.OV}TEST MSG'", '"ACCT.UNAUTH.OD}Unauthorised overdraft of & & on account &.{USD}100}127825{USD{100{127825{190965{213{{'", '"TEST.OV}TEST MSG'"], '"220'": '"1'", '"221'": '"230_FARHAN.INPUT1__OFS_BROWSERTC'", '"222'": '"2502100622'", '"223'": '"227_FARHAN.AUT1_OFS_BROWSERTC'", '"224'": '"GB0010005'", '"225'": '"1'", '"col_counter'": 225}"
FT231153KF9V,"{'"1'": '"AC'", '"2'": '"127701'", '"4'": '"1'", '"5'": '"USD'", '"7'": '"20230425'", '"11'": '"127717'", '"12'": '"1'", '"13'": '"USD'", '"14'": '"75.00'", '"15'": '"20230425'", '"18'": '"20230425'", '"45'": '"DEBIT PLUS CHARGES'", '"49'": '"DEBIT PLUS CHARGES'", '"55'": '"190965'", '"57'": '"NO'", '"62'": '"NO'", '"63'": '"TR'", '"67'": [null, null, null, null, null, null, null, null, null, null, null, null, null, null, null, null, null, null, null, null, null, null, null, null, null, null, null, null, null, null, null, null, null, null, null, null, null, null, null, null, null, null, null, null, null, null, null, null, null, null, null, null, null, null, null, null, null, null, null, null, null, null, null, null, null, null, null, null, null, null, null, null, null, null, null, null, null, null, null, null, null, null, null, null, null, null, null, null, null, null, null, null, null, null, null, null, null, null, null, null, null, null, null, null, null, null, null, null, null, null, null, null, null, null, null, null, null, null, null, null, null, null, null, null, null, null, null, null, null, null, null, null, null, null, null, null, null, null, null, null, null, null, null, null, null, null, null, null, null, null, null, null, null, null, null, null, null, null, null, null, null, null, null, null, null, null, null, null, null, null, null, null, null, null, null, null, null, null, null, null, null, null, null, null, null, null, null, null, null, null, null, null, null, null, null, null, null, null, null, null, null, null, null, null], '"70'": '"USD75.00'", '"71'": '"USD75.00'", '"81'": '"GB0010001'", '"82'": '"GB0010001'", '"87'": '"75.00'", '"88'": '"75.00'", '"94'": '"99'", '"95'": '"190965'", '"96'": '"190966'", '"98'": '"N'", '"99'": '"N'", '"101'": '"190966'", '"111'": '"0'", '"112'": '"0'", '"113'": '"0'", '"114'": '"0'", '"136'": '"NO'", '"148'": '"0'", '"149'": '"0.00'", '"153'": '"20230425'", '"177'": '"GB44DEMO60161300127701'", '"178'": '"GB97DEMO60161300127717'", '"200'": '"PSD.NON'", '"217'": ['"208687662818606.00'", '"1-2'"], '"218'": ['"WITHDRAWL.LT.MIN.BAL}WITHDRAWL MAKES A/C BAL LESS THAN MIN BAL'", '"LT.MINIMUM.BAL}A/C BALANCE STILL LESS THAN MINIMUM BAL'", '"ACCT.UNAUTH.OD}Unauthorised overdraft of & & on account &.{USD}275}127701{USD{275{127701{190965{213{{'", '"TEST.OV}TEST MSG'", '"TEST.OV}TEST MSG'"], '"220'": '"1'", '"221'": '"227_FARHAN.INPUT1__OFS_BROWSERTC'", '"222'": '"2502170510'", '"223'": '"226_FARHAN.AUT1_OFS_BROWSERTC'", '"224'": '"GB0010001'", '"225'": '"1'", '"col_counter'": 225}"
FT231155RJH0,"{'"1'": '"AC'", '"2'": '"127965'", '"4'": '"1'", '"5'": '"USD'", '"6'": '"10000.00'", '"7'": '"20230425'", '"9'": '"BORROW'", '"10'": '"BORROWING'", '"11'": '"USD1510100010001'", '"12'": '"1'", '"13'": '"USD'", '"15'": '"20230425'", '"18'": '"20230425'", '"19'": '"HO BORROWING'", '"31'": '"123'", '"45'": '"WAIVE'", '"49'": '"WAIVE'", '"55'": '"190990'", '"57'": '"NO'", '"62'": '"NO'", '"63'": '"TR'", '"70'": '"USD10000.00'", '"71'": '"USD10000.00'", '"81'": '"GB0010001'", '"82'": '"GB0010001'", '"87'": '"10000.00'", '"88'": '"10000.00'", '"94'": '"99'", '"95'": '"190990'", '"98'": '"N'", '"99'": '"N'", '"101'": '"190990'", '"111'": '"0'", '"112'": '"0'", '"113'": '"0'", '"114'": '"0'", '"136'": '"NO'", '"148'": '"0'", '"149'": '"0.00'", '"153'": '"20230425'", '"200'": '"PSD.NON'", '"217'": ['"208719062024622.00'", '"1-2'"], '"218'": ['"CHQ.TYPE.MISS}CHEQUE TYPE MISSING'", '"ACCT.UNAUTH.OD}Unauthorised overdraft of & & on account &.{USD}10000}127965{USD{10000{127965{190990{201{{'", '"TEST.OV}TEST MSG'", '"TEST.OV}TEST MSG'"], '"220'": '"1'", '"221'": '"225_ESWAR.1__OFS_BROWSERTC'", '"222'": '"2502200650'", '"223'": '"227_ESWAR.2_OFS_BROWSERTC'", '"224'": '"GB0010001'", '"225'": '"1'", '"col_counter'": 225}"
FT23115NXWF2,"{'"1'": '"AC'", '"2'": '"127973'", '"4'": '"1'", '"5'": '"KHR'", '"7'": '"20230425'", '"9'": '"BORROWING'", '"10'": '"BORROWING'", '"11'": '"KHR1510100010001'", '"12'": '"1'", '"13'": '"KHR'", '"14'": '"10000000.00'", '"15'": '"20230425'", '"18'": '"20230425'", '"45'": '"WAIVE'", '"49'": '"WAIVE'", '"57'": '"NO'", '"62'": '"NO'", '"63'": '"TR'", '"70'": '"KHR10000000.00'", '"71'": '"KHR10000000.00'", '"81'": '"GB0010001'", '"82'": '"GB0010001'", '"87'": '"2469.14'", '"88'": '"2469.14'", '"94'": '"99'", '"98'": '"N'", '"99'": '"N'", '"101'": '"190991'", '"111'": '"0'", '"112'": '"0'", '"113'": '"0'", '"114'": '"0'", '"136'": '"NO'", '"148'": '"0'", '"149'": '"0.00'", '"153'": '"20230425'", '"200'": '"PSD.NON'", '"217'": ['"208719963125589.00'", '"1-2'"], '"218'": ['"NO.HOLIDAY.TABLE}HOLIDAY TABLE FOR & MISSING{KH002023'", '"NO.HOLIDAY.TABLE}HOLIDAY TABLE FOR & MISSING{KH002023'", '"TEST.OV}TEST MSG'", '"TEST.OV}TEST MSG'"], '"220'": '"1'", '"221'": '"228_ESWAR.1__OFS_BROWSERTC'", '"222'": '"2502200706'", '"223'": '"229_ESWAR.2_OFS_BROWSERTC'", '"224'": '"GB0010001'", '"225'": '"1'", '"col_counter'": 225}"
FT23115HSJ4R,"{'"1'": '"AC'", '"2'": '"127965'", '"4'": '"1'", '"5'": '"USD'", '"6'": '"15000.00'", '"7'": '"20230425'", '"9'": '"BORROW'", '"10'": '"BORROW 3M ROI2'", '"11'": '"USD1510100010001'", '"12'": '"1'", '"13'": '"USD'", '"15'": '"20230425'", '"18'": '"20230425'", '"19'": '"AS PER HO INSTRUCTIONS'", '"45'": '"WAIVE'", '"49'": '"WAIVE'", '"55'": '"190990'", '"57'": '"NO'", '"62'": '"NO'", '"63'": '"TR'", '"70'": '"USD15000.00'", '"71'": '"USD15000.00'", '"81'": '"GB0010001'", '"82'": '"GB0010001'", '"87'": '"15000.00'", '"88'": '"15000.00'", '"94'": '"99'", '"95'": '"190990'", '"98'": '"N'", '"99'": '"N'", '"101'": '"190990'", '"111'": '"0'", '"112'": '"0'", '"113'": '"0'", '"114'": '"0'", '"136'": '"NO'", '"148'": '"0'", '"149'": '"0.00'", '"153'": '"20230425'", '"200'": '"PSD.NON'", '"217'": ['"208711784726540.00'", '"1-2'"], '"218'": ['"ACCT.UNAUTH.OD}Unauthorised overdraft of & & on account &.{USD}25000}127965{USD{25000{127965{190990{213{{'", '"TEST.OV}TEST MSG'", '"TEST.OV}TEST MSG'"], '"220'": '"1'", '"221'": '"226_ESWAR.2__OFS_BROWSERTC'", '"222'": '"2502200722'", '"223'": '"230_ESWAR.1_OFS_BROWSERTC'", '"224'": '"GB0010001'", '"225'": '"1'", '"col_counter'": 225}"
FT231155FL1R,"{'"1'": '"AC'", '"2'": '"23752'", '"4'": '"1'", '"5'": '"USD'", '"6'": '"10.00'", '"7'": '"20230425'", '"9'": '"TEST'", '"10'": '"TEST'", '"11'": '"PL51001'", '"12'": '"1'", '"13'": '"USD'", '"15'": '"20230425'", '"18'": '"20230425'", '"45'": '"WAIVE'", '"49'": '"WAIVE'", '"57'": '"NO'", '"62'": '"NO'", '"63'": '"TR'", '"70'": '"USD10.00'", '"71'": '"USD10.00'", '"81'": '"GB0010001'", '"82'": '"GB0010001'", '"87'": '"10.00'", '"88'": '"10.00'", '"94'": '"99'", '"98'": '"N'", '"99'": '"N'", '"101'": '"100492'", '"111'": '"0'", '"112'": '"0'", '"113'": '"0'", '"114'": '"0'", '"136'": '"NO'", '"148'": '"0'", '"149'": '"0.00'", '"153'": '"20230425'", '"177'": '"GB69DEMO60161300023752'", '"200'": '"PSD.NON'", '"217'": ['"208775357716981.00'", '"1'", '"1'"], '"218'": '"TEST.OV}TEST MSG'", '"220'": '"1'", '"221'": '"228_ESWAR.2__OFS_BROWSERTC'", '"222'": '"2502260443'", '"223'": '"228_ESWAR.1_OFS_BROWSERTC'", '"224'": '"GB0010001'", '"225'": '"1'", '"col_counter'": 225}"
FT231159FZ0C,"{'"1'": '"AC'", '"2'": '"USD1499900010001'", '"4'": '"1'", '"5'": '"USD'", '"6'": '"720.00'", '"7'": '"20230425'", '"9'": '"AP PTTCAMBODIA'", '"10'": '"APPTTCAMB'", '"11'": '"USD1660100010001'", '"12'": '"1'", '"13'": '"USD'", '"15'": '"20230425'", '"18'": '"20230425'", '"19'": '"PTT (CAMBODIA) LTD.'", '"45'": '"WAIVE'", '"49'": '"WAIVE'", '"57'": '"NO'", '"62'": '"NO'", '"63'": '"TR'", '"70'": '"USD720.00'", '"71'": '"USD720.00'", '"81'": '"GB0010001'", '"82'": '"GB0010001'", '"87'": '"720.00'", '"88'": '"720.00'", '"98'": '"N'", '"99'": '"N'", '"111'": '"0'", '"112'": '"0'", '"113'": '"0'", '"114'": '"0'", '"136'": '"NO'", '"148'": '"0'", '"149'": '"0.00'", '"153'": '"20230425'", '"200'": '"PSD.NON'", '"217'": ['"208826977013842.00'", '"1-2'"], '"218'": ['"TEST.OV}TEST MSG'", '"TEST.OV}TEST MSG'"], '"220'": '"1'", '"221'": '"228_ESWAR.1__OFS_BROWSERTC'", '"222'": '"2503030350'", '"223'": '"225_ESWAR.2_OFS_BROWSERTC'", '"224'": '"GB0010001'", '"225'": '"1'", '"col_counter'": 225}"
FT23115LYY8T,"{'"1'": '"AC'", '"2'": '"113228'", '"4'": '"1'", '"5'": '"USD'", '"6'": '"1000.00'", '"7'": '"20230418'", '"11'": '"113007'", '"12'": '"1'", '"13'": '"USD'", '"15'": '"20230418'", '"18'": '"20230425'", '"19'": '"Transfer'", '"45'": '"WAIVE'", '"49'": '"WAIVE'", '"55'": '"190166'", '"57'": '"NO'", '"62'": '"NO'", '"63'": '"TR'", '"70'": '"USD1000.00'", '"71'": '"USD1000.00'", '"81'": '"GB0010001'", '"82'": '"GB0010001'", '"87'": '"1000.00'", '"88'": '"1000.00'", '"94'": '"99'", '"95'": '"190178'", '"96'": '"190163'", '"98'": '"N'", '"99'": '"N'", '"101'": '"190163'", '"111'": '"0'", '"112'": '"0'", '"113'": '"0'", '"114'": '"0'", '"136'": '"NO'", '"148'": '"0'", '"149'": '"0.00'", '"153'": '"20230425'", '"177'": '"GB02DEMO60161300113228'", '"178'": '"GB52DEMO60161300113007'", '"200'": '"PSD.NON'", '"217'": ['"208989947934050.00'", '"1-2'"], '"218'": ['"CR.BACKDATED}CREDIT VALUE BACKDATED'", '"TEST.OV}TEST MSG'", '"AC-ACCT.SECONDARY.LIMIT.EXCESS}Secondary Limit Excess of & & on account &.{USD}851.96}113228{USD{851.96{113228{190178{213{{'"], '"220'": '"1'", '"221'": '"228_RAVINDU1__OFS_BROWSERTC'", '"222'": '"2503190927'", '"223'": '"277_SANDARU.1_OFS_BROWSERTC'", '"224'": '"GB0010001'", '"225'": '"1'", '"col_counter'": 225}"
